{"nodes": [["0", {"pos": [0.6650141449416318, 0.7761779196721255]}], ["1", {"pos": [0.3911779196721254, 0.8461779196721254]}], ["2", {"pos": [0.23955105670998256, 0.6361779196721254]}], ["3", {"pos": [0.0, 0.6361779196721254]}], ["4", {"pos": [0.1808114015934698, 1.4]}], ["5", {"pos": [0.7720633487850622, 0.42617791967212537]}], ["6", {"pos": [0.9264224728421748, 0.7761779196721255]}], ["7", {"pos": [1.0, 1.1010209858719626]}]], "edges": [["0", "6", {"weight": 525.0, "votes": 6.0, "duration": "7 mins"}], ["0", "2", {"weight": 1020.0, "votes": 1.0, "duration": "12 mins"}], ["0", "1", {"weight": 409.0, "votes": 6.0, "duration": "5 mins"}], ["0", "5", {"weight": 569.0, "votes": 1.0, "duration": "7 mins"}], ["0", "7", {"weight": 810.0, "votes": 1.0, "duration": "10 mins"}], ["1", "3", {"weight": 703.0, "votes": 5.0, "duration": "8 mins"}], ["1", "4", {"weight": 942.0, "votes": 5.0, "duration": "12 mins"}], ["1", "2", {"weight": 795.0, "votes": 5.0, "duration": "9 mins"}], ["2", "3", {"weight": 982.0, "votes": 1.0, "duration": "14 mins"}], ["3", "4", {"weight": 1081.0, "votes": 1.0, "duration": "14 mins"}], ["5", "6", {"weight": 567.0, "votes": 5.0, "duration": "7 mins"}], ["6", "7", {"weight": 590.0, "votes": 5.0, "duration": "7 mins"}]]}